timestamp,container,cpu_pct
14:46:49,qa-orderapi-load-balancing-gateway-1,0.09
14:46:49,qa-orderapi-load-balancing-orderapi-2,1.11
14:46:49,qa-orderapi-load-balancing-orderapi-1,1.14
14:46:49,qa-orderapi-load-balancing-orderapi-4,0.98
14:46:49,qa-orderapi-load-balancing-orderapi-3,1.16
14:46:49,qa-orderapi-load-balancing-userapi-1,0.54
14:46:49,qa-orderapi-load-balancing-mysql-order-1,0.95
14:46:49,qa-orderapi-load-balancing-redis-1,0.34
14:46:49,qa-orderapi-load-balancing-mysql-user-1,0.67
14:46:49,qa-orderapi-load-balancing-kafka-1,25.05
14:46:49,qa-orderapi-load-balancing-eureka-1,0.78
14:46:57,qa-orderapi-load-balancing-gateway-1,0.09
14:46:57,qa-orderapi-load-balancing-orderapi-2,1.07
14:46:57,qa-orderapi-load-balancing-orderapi-1,1.15
14:46:57,qa-orderapi-load-balancing-orderapi-4,1.05
14:46:57,qa-orderapi-load-balancing-orderapi-3,1.01
14:46:57,qa-orderapi-load-balancing-userapi-1,0.55
14:46:57,qa-orderapi-load-balancing-mysql-order-1,0.84
14:46:57,qa-orderapi-load-balancing-redis-1,0.38
14:46:57,qa-orderapi-load-balancing-mysql-user-1,0.53
14:46:57,qa-orderapi-load-balancing-kafka-1,2.30
14:46:57,qa-orderapi-load-balancing-eureka-1,0.71
14:47:05,qa-orderapi-load-balancing-gateway-1,1.47
14:47:05,qa-orderapi-load-balancing-orderapi-2,1.66
14:47:05,qa-orderapi-load-balancing-orderapi-1,1.31
14:47:05,qa-orderapi-load-balancing-orderapi-4,1.14
14:47:05,qa-orderapi-load-balancing-orderapi-3,1.20
14:47:05,qa-orderapi-load-balancing-userapi-1,33.06
14:47:05,qa-orderapi-load-balancing-mysql-order-1,1.04
14:47:05,qa-orderapi-load-balancing-redis-1,0.35
14:47:05,qa-orderapi-load-balancing-mysql-user-1,1.68
14:47:05,qa-orderapi-load-balancing-kafka-1,1.94
14:47:05,qa-orderapi-load-balancing-eureka-1,0.97
14:47:13,qa-orderapi-load-balancing-k6-run-20ffd66e35f7,2.39
14:47:13,qa-orderapi-load-balancing-gateway-1,2.47
14:47:13,qa-orderapi-load-balancing-orderapi-2,1.39
14:47:13,qa-orderapi-load-balancing-orderapi-1,1.35
14:47:13,qa-orderapi-load-balancing-orderapi-4,1.43
14:47:13,qa-orderapi-load-balancing-orderapi-3,1.33
14:47:13,qa-orderapi-load-balancing-userapi-1,100.56
14:47:13,qa-orderapi-load-balancing-mysql-order-1,1.06
14:47:13,qa-orderapi-load-balancing-redis-1,0.40
14:47:13,qa-orderapi-load-balancing-mysql-user-1,3.23
14:47:13,qa-orderapi-load-balancing-kafka-1,2.82
14:47:13,qa-orderapi-load-balancing-eureka-1,0.99
14:47:20,qa-orderapi-load-balancing-k6-run-20ffd66e35f7,2.35
14:47:20,qa-orderapi-load-balancing-gateway-1,4.32
14:47:20,qa-orderapi-load-balancing-orderapi-2,1.16
14:47:20,qa-orderapi-load-balancing-orderapi-1,1.30
14:47:20,qa-orderapi-load-balancing-orderapi-4,1.52
14:47:20,qa-orderapi-load-balancing-orderapi-3,1.34
14:47:20,qa-orderapi-load-balancing-userapi-1,101.39
14:47:20,qa-orderapi-load-balancing-mysql-order-1,1.04
14:47:20,qa-orderapi-load-balancing-redis-1,0.48
14:47:20,qa-orderapi-load-balancing-mysql-user-1,3.24
14:47:20,qa-orderapi-load-balancing-kafka-1,29.22
14:47:20,qa-orderapi-load-balancing-eureka-1,0.94
14:47:28,qa-orderapi-load-balancing-k6-run-20ffd66e35f7,2.45
14:47:28,qa-orderapi-load-balancing-gateway-1,2.69
14:47:28,qa-orderapi-load-balancing-orderapi-2,1.16
14:47:28,qa-orderapi-load-balancing-orderapi-1,1.27
14:47:28,qa-orderapi-load-balancing-orderapi-4,1.14
14:47:28,qa-orderapi-load-balancing-orderapi-3,1.18
14:47:28,qa-orderapi-load-balancing-userapi-1,104.40
14:47:28,qa-orderapi-load-balancing-mysql-order-1,1.08
14:47:28,qa-orderapi-load-balancing-redis-1,0.47
14:47:28,qa-orderapi-load-balancing-mysql-user-1,2.97
14:47:28,qa-orderapi-load-balancing-kafka-1,2.30
14:47:28,qa-orderapi-load-balancing-eureka-1,0.92
14:47:36,qa-orderapi-load-balancing-k6-run-20ffd66e35f7,37.76
14:47:36,qa-orderapi-load-balancing-gateway-1,96.14
14:47:36,qa-orderapi-load-balancing-orderapi-2,146.82
14:47:36,qa-orderapi-load-balancing-orderapi-1,204.40
14:47:36,qa-orderapi-load-balancing-orderapi-4,179.92
14:47:36,qa-orderapi-load-balancing-orderapi-3,200.39
14:47:36,qa-orderapi-load-balancing-userapi-1,19.92
14:47:36,qa-orderapi-load-balancing-mysql-order-1,122.38
14:47:36,qa-orderapi-load-balancing-redis-1,14.84
14:47:36,qa-orderapi-load-balancing-mysql-user-1,25.72
14:47:36,qa-orderapi-load-balancing-kafka-1,18.84
14:47:36,qa-orderapi-load-balancing-eureka-1,1.75
14:47:45,qa-orderapi-load-balancing-k6-run-20ffd66e35f7,42.30
14:47:45,qa-orderapi-load-balancing-gateway-1,82.90
14:47:45,qa-orderapi-load-balancing-orderapi-2,167.05
14:47:45,qa-orderapi-load-balancing-orderapi-1,206.63
14:47:45,qa-orderapi-load-balancing-orderapi-4,162.03
14:47:45,qa-orderapi-load-balancing-orderapi-3,191.99
14:47:45,qa-orderapi-load-balancing-userapi-1,23.37
14:47:45,qa-orderapi-load-balancing-mysql-order-1,137.96
14:47:45,qa-orderapi-load-balancing-redis-1,14.98
14:47:45,qa-orderapi-load-balancing-mysql-user-1,23.63
14:47:45,qa-orderapi-load-balancing-kafka-1,130.71
14:47:45,qa-orderapi-load-balancing-eureka-1,0.79
14:47:53,qa-orderapi-load-balancing-k6-run-20ffd66e35f7,47.25
14:47:53,qa-orderapi-load-balancing-gateway-1,89.96
14:47:53,qa-orderapi-load-balancing-orderapi-2,214.16
14:47:53,qa-orderapi-load-balancing-orderapi-1,204.56
14:47:53,qa-orderapi-load-balancing-orderapi-4,181.10
14:47:53,qa-orderapi-load-balancing-orderapi-3,201.52
14:47:53,qa-orderapi-load-balancing-userapi-1,18.37
14:47:53,qa-orderapi-load-balancing-mysql-order-1,151.53
14:47:53,qa-orderapi-load-balancing-redis-1,16.10
14:47:53,qa-orderapi-load-balancing-mysql-user-1,21.48
14:47:53,qa-orderapi-load-balancing-kafka-1,12.53
14:47:53,qa-orderapi-load-balancing-eureka-1,0.79
14:48:02,qa-orderapi-load-balancing-k6-run-20ffd66e35f7,43.47
14:48:02,qa-orderapi-load-balancing-gateway-1,84.28
14:48:02,qa-orderapi-load-balancing-orderapi-2,206.83
14:48:02,qa-orderapi-load-balancing-orderapi-1,208.04
14:48:02,qa-orderapi-load-balancing-orderapi-4,190.46
14:48:02,qa-orderapi-load-balancing-orderapi-3,208.64
14:48:02,qa-orderapi-load-balancing-userapi-1,18.95
14:48:02,qa-orderapi-load-balancing-mysql-order-1,149.59
14:48:02,qa-orderapi-load-balancing-redis-1,17.45
14:48:02,qa-orderapi-load-balancing-mysql-user-1,20.94
14:48:02,qa-orderapi-load-balancing-kafka-1,15.45
14:48:02,qa-orderapi-load-balancing-eureka-1,5.29
14:48:10,qa-orderapi-load-balancing-k6-run-20ffd66e35f7,46.99
14:48:10,qa-orderapi-load-balancing-gateway-1,86.64
14:48:10,qa-orderapi-load-balancing-orderapi-2,197.18
14:48:10,qa-orderapi-load-balancing-orderapi-1,183.40
14:48:10,qa-orderapi-load-balancing-orderapi-4,190.62
14:48:10,qa-orderapi-load-balancing-orderapi-3,178.41
14:48:10,qa-orderapi-load-balancing-userapi-1,23.56
14:48:10,qa-orderapi-load-balancing-mysql-order-1,146.50
14:48:10,qa-orderapi-load-balancing-redis-1,16.41
14:48:10,qa-orderapi-load-balancing-mysql-user-1,25.44
14:48:10,qa-orderapi-load-balancing-kafka-1,119.96
14:48:10,qa-orderapi-load-balancing-eureka-1,0.86
14:48:18,qa-orderapi-load-balancing-k6-run-20ffd66e35f7,46.29
14:48:18,qa-orderapi-load-balancing-gateway-1,91.45
14:48:18,qa-orderapi-load-balancing-orderapi-2,189.70
14:48:18,qa-orderapi-load-balancing-orderapi-1,192.71
14:48:18,qa-orderapi-load-balancing-orderapi-4,143.86
14:48:18,qa-orderapi-load-balancing-orderapi-3,208.40
14:48:18,qa-orderapi-load-balancing-userapi-1,30.86
14:48:18,qa-orderapi-load-balancing-mysql-order-1,158.18
14:48:18,qa-orderapi-load-balancing-redis-1,16.80
14:48:18,qa-orderapi-load-balancing-mysql-user-1,29.47
14:48:18,qa-orderapi-load-balancing-kafka-1,20.69
14:48:18,qa-orderapi-load-balancing-eureka-1,5.48
14:48:27,qa-orderapi-load-balancing-k6-run-20ffd66e35f7,45.27
14:48:27,qa-orderapi-load-balancing-gateway-1,93.11
14:48:27,qa-orderapi-load-balancing-orderapi-2,192.49
14:48:27,qa-orderapi-load-balancing-orderapi-1,203.94
14:48:27,qa-orderapi-load-balancing-orderapi-4,185.51
14:48:27,qa-orderapi-load-balancing-orderapi-3,189.08
14:48:27,qa-orderapi-load-balancing-userapi-1,24.23
14:48:27,qa-orderapi-load-balancing-mysql-order-1,163.76
14:48:27,qa-orderapi-load-balancing-redis-1,18.78
14:48:27,qa-orderapi-load-balancing-mysql-user-1,26.01
14:48:27,qa-orderapi-load-balancing-kafka-1,15.11
14:48:27,qa-orderapi-load-balancing-eureka-1,5.61
14:48:35,qa-orderapi-load-balancing-k6-run-20ffd66e35f7,46.31
14:48:35,qa-orderapi-load-balancing-gateway-1,95.80
14:48:35,qa-orderapi-load-balancing-orderapi-2,172.51
14:48:35,qa-orderapi-load-balancing-orderapi-1,190.24
14:48:35,qa-orderapi-load-balancing-orderapi-4,196.13
14:48:35,qa-orderapi-load-balancing-orderapi-3,209.18
14:48:35,qa-orderapi-load-balancing-userapi-1,24.98
14:48:35,qa-orderapi-load-balancing-mysql-order-1,165.97
14:48:35,qa-orderapi-load-balancing-redis-1,18.45
14:48:35,qa-orderapi-load-balancing-mysql-user-1,27.03
14:48:35,qa-orderapi-load-balancing-kafka-1,14.06
14:48:35,qa-orderapi-load-balancing-eureka-1,0.79
14:48:44,qa-orderapi-load-balancing-k6-run-20ffd66e35f7,52.60
14:48:44,qa-orderapi-load-balancing-gateway-1,91.55
14:48:44,qa-orderapi-load-balancing-orderapi-2,203.74
14:48:44,qa-orderapi-load-balancing-orderapi-1,197.70
14:48:44,qa-orderapi-load-balancing-orderapi-4,181.63
14:48:44,qa-orderapi-load-balancing-orderapi-3,202.63
14:48:44,qa-orderapi-load-balancing-userapi-1,23.32
14:48:44,qa-orderapi-load-balancing-mysql-order-1,166.49
14:48:44,qa-orderapi-load-balancing-redis-1,18.62
14:48:44,qa-orderapi-load-balancing-mysql-user-1,25.41
14:48:44,qa-orderapi-load-balancing-kafka-1,15.63
14:48:44,qa-orderapi-load-balancing-eureka-1,0.75
14:48:52,qa-orderapi-load-balancing-k6-run-20ffd66e35f7,43.33
14:48:52,qa-orderapi-load-balancing-gateway-1,91.56
14:48:52,qa-orderapi-load-balancing-orderapi-2,194.92
14:48:52,qa-orderapi-load-balancing-orderapi-1,160.22
14:48:52,qa-orderapi-load-balancing-orderapi-4,165.65
14:48:52,qa-orderapi-load-balancing-orderapi-3,181.98
14:48:52,qa-orderapi-load-balancing-userapi-1,24.80
14:48:52,qa-orderapi-load-balancing-mysql-order-1,155.94
14:48:52,qa-orderapi-load-balancing-redis-1,17.83
14:48:52,qa-orderapi-load-balancing-mysql-user-1,26.16
14:48:52,qa-orderapi-load-balancing-kafka-1,132.26
14:48:52,qa-orderapi-load-balancing-eureka-1,0.82
14:49:00,qa-orderapi-load-balancing-k6-run-20ffd66e35f7,48.37
14:49:00,qa-orderapi-load-balancing-gateway-1,93.69
14:49:00,qa-orderapi-load-balancing-orderapi-2,193.18
14:49:00,qa-orderapi-load-balancing-orderapi-1,177.62
14:49:00,qa-orderapi-load-balancing-orderapi-4,193.05
14:49:00,qa-orderapi-load-balancing-orderapi-3,197.10
14:49:00,qa-orderapi-load-balancing-userapi-1,23.40
14:49:00,qa-orderapi-load-balancing-mysql-order-1,166.05
14:49:00,qa-orderapi-load-balancing-redis-1,21.03
14:49:00,qa-orderapi-load-balancing-mysql-user-1,24.95
14:49:00,qa-orderapi-load-balancing-kafka-1,18.89
14:49:00,qa-orderapi-load-balancing-eureka-1,0.74
14:49:08,qa-orderapi-load-balancing-k6-run-20ffd66e35f7,19.86
14:49:08,qa-orderapi-load-balancing-gateway-1,22.25
14:49:08,qa-orderapi-load-balancing-orderapi-2,77.55
14:49:08,qa-orderapi-load-balancing-orderapi-1,44.12
14:49:08,qa-orderapi-load-balancing-orderapi-4,172.13
14:49:08,qa-orderapi-load-balancing-orderapi-3,52.39
14:49:08,qa-orderapi-load-balancing-userapi-1,25.31
14:49:08,qa-orderapi-load-balancing-mysql-order-1,90.61
14:49:08,qa-orderapi-load-balancing-redis-1,10.27
14:49:08,qa-orderapi-load-balancing-mysql-user-1,33.48
14:49:08,qa-orderapi-load-balancing-kafka-1,15.21
14:49:08,qa-orderapi-load-balancing-eureka-1,6.02
14:49:16,qa-orderapi-load-balancing-gateway-1,0.07
14:49:16,qa-orderapi-load-balancing-orderapi-2,1.92
14:49:16,qa-orderapi-load-balancing-orderapi-1,20.97
14:49:16,qa-orderapi-load-balancing-orderapi-4,4.01
14:49:16,qa-orderapi-load-balancing-orderapi-3,15.69
14:49:16,qa-orderapi-load-balancing-userapi-1,25.64
14:49:16,qa-orderapi-load-balancing-mysql-order-1,29.71
14:49:16,qa-orderapi-load-balancing-redis-1,0.33
14:49:16,qa-orderapi-load-balancing-mysql-user-1,31.66
14:49:16,qa-orderapi-load-balancing-kafka-1,169.49
14:49:16,qa-orderapi-load-balancing-eureka-1,0.73
14:49:24,qa-orderapi-load-balancing-gateway-1,0.07
14:49:24,qa-orderapi-load-balancing-orderapi-2,4.50
14:49:24,qa-orderapi-load-balancing-orderapi-1,4.34
14:49:24,qa-orderapi-load-balancing-orderapi-4,4.54
14:49:24,qa-orderapi-load-balancing-orderapi-3,14.91
14:49:24,qa-orderapi-load-balancing-userapi-1,23.12
14:49:24,qa-orderapi-load-balancing-mysql-order-1,30.14
14:49:24,qa-orderapi-load-balancing-redis-1,0.32
14:49:24,qa-orderapi-load-balancing-mysql-user-1,30.82
14:49:24,qa-orderapi-load-balancing-kafka-1,12.08
14:49:24,qa-orderapi-load-balancing-eureka-1,0.77
